[{"model": "contenttypes.contenttype", "pk": 1, "fields": {"app_label": "cms", "model": "placeholder"}}, {"model": "contenttypes.contenttype", "pk": 2, "fields": {"app_label": "cms", "model": "page"}}, {"model": "contenttypes.contenttype", "pk": 3, "fields": {"app_label": "auth", "model": "permission"}}, {"model": "contenttypes.contenttype", "pk": 4, "fields": {"app_label": "auth", "model": "user"}}, {"model": "contenttypes.contenttype", "pk": 5, "fields": {"app_label": "auth", "model": "group"}}, {"model": "contenttypes.contenttype", "pk": 6, "fields": {"app_label": "contenttypes", "model": "contenttype"}}, {"model": "contenttypes.contenttype", "pk": 7, "fields": {"app_label": "sessions", "model": "session"}}, {"model": "contenttypes.contenttype", "pk": 8, "fields": {"app_label": "admin", "model": "logentry"}}, {"model": "contenttypes.contenttype", "pk": 9, "fields": {"app_label": "sites", "model": "site"}}, {"model": "contenttypes.contenttype", "pk": 10, "fields": {"app_label": "cms", "model": "cmsplugin"}}, {"model": "contenttypes.contenttype", "pk": 11, "fields": {"app_label": "cms", "model": "urlconfrevision"}}, {"model": "contenttypes.contenttype", "pk": 12, "fields": {"app_label": "cms", "model": "staticplaceholder"}}, {"model": "contenttypes.contenttype", "pk": 13, "fields": {"app_label": "cms", "model": "title"}}, {"model": "contenttypes.contenttype", "pk": 14, "fields": {"app_label": "cms", "model": "placeholderreference"}}, {"model": "contenttypes.contenttype", "pk": 15, "fields": {"app_label": "cms", "model": "pagepermission"}}, {"model": "contenttypes.contenttype", "pk": 16, "fields": {"app_label": "cms", "model": "aliaspluginmodel"}}, {"model": "contenttypes.contenttype", "pk": 17, "fields": {"app_label": "cms", "model": "usersettings"}}, {"model": "contenttypes.contenttype", "pk": 18, "fields": {"app_label": "cms", "model": "treenode"}}, {"model": "contenttypes.contenttype", "pk": 19, "fields": {"app_label": "cms", "model": "globalpagepermission"}}, {"model": "contenttypes.contenttype", "pk": 20, "fields": {"app_label": "cms", "model": "pageuser"}}, {"model": "contenttypes.contenttype", "pk": 21, "fields": {"app_label": "cms", "model": "pageusergroup"}}, {"model": "contenttypes.contenttype", "pk": 22, "fields": {"app_label": "cms", "model": "pagetype"}}, {"model": "contenttypes.contenttype", "pk": 23, "fields": {"app_label": "menus", "model": "cachekey"}}, {"model": "contenttypes.contenttype", "pk": 24, "fields": {"app_label": "djangocms_text_ckeditor", "model": "text"}}, {"model": "contenttypes.contenttype", "pk": 25, "fields": {"app_label": "filer", "model": "file"}}, {"model": "contenttypes.contenttype", "pk": 26, "fields": {"app_label": "filer", "model": "clipboarditem"}}, {"model": "contenttypes.contenttype", "pk": 27, "fields": {"app_label": "filer", "model": "folderpermission"}}, {"model": "contenttypes.contenttype", "pk": 28, "fields": {"app_label": "filer", "model": "clipboard"}}, {"model": "contenttypes.contenttype", "pk": 29, "fields": {"app_label": "filer", "model": "image"}}, {"model": "contenttypes.contenttype", "pk": 30, "fields": {"app_label": "filer", "model": "folder"}}, {"model": "contenttypes.contenttype", "pk": 31, "fields": {"app_label": "filer", "model": "thumbnailoption"}}, {"model": "contenttypes.contenttype", "pk": 32, "fields": {"app_label": "easy_thumbnails", "model": "thumbnaildimensions"}}, {"model": "contenttypes.contenttype", "pk": 33, "fields": {"app_label": "easy_thumbnails", "model": "source"}}, {"model": "contenttypes.contenttype", "pk": 34, "fields": {"app_label": "easy_thumbnails", "model": "thumbnail"}}, {"model": "contenttypes.contenttype", "pk": 35, "fields": {"app_label": "djangocms_column", "model": "multicolumns"}}, {"model": "contenttypes.contenttype", "pk": 36, "fields": {"app_label": "djangocms_column", "model": "column"}}, {"model": "contenttypes.contenttype", "pk": 37, "fields": {"app_label": "djangocms_file", "model": "folder"}}, {"model": "contenttypes.contenttype", "pk": 38, "fields": {"app_label": "djangocms_file", "model": "file"}}, {"model": "contenttypes.contenttype", "pk": 39, "fields": {"app_label": "djangocms_link", "model": "link"}}, {"model": "contenttypes.contenttype", "pk": 40, "fields": {"app_label": "djangocms_picture", "model": "picture"}}, {"model": "contenttypes.contenttype", "pk": 41, "fields": {"app_label": "djangocms_style", "model": "style"}}, {"model": "contenttypes.contenttype", "pk": 42, "fields": {"app_label": "djangocms_snippet", "model": "snippet"}}, {"model": "contenttypes.contenttype", "pk": 43, "fields": {"app_label": "djangocms_snippet", "model": "snippetptr"}}, {"model": "contenttypes.contenttype", "pk": 44, "fields": {"app_label": "djangocms_googlemap", "model": "googlemapmarker"}}, {"model": "contenttypes.contenttype", "pk": 45, "fields": {"app_label": "djangocms_googlemap", "model": "googlemap"}}, {"model": "contenttypes.contenttype", "pk": 46, "fields": {"app_label": "djangocms_googlemap", "model": "googlemaproute"}}, {"model": "contenttypes.contenttype", "pk": 47, "fields": {"app_label": "djangocms_video", "model": "videosource"}}, {"model": "contenttypes.contenttype", "pk": 48, "fields": {"app_label": "djangocms_video", "model": "videoplayer"}}, {"model": "contenttypes.contenttype", "pk": 49, "fields": {"app_label": "djangocms_video", "model": "videotrack"}}, {"model": "contenttypes.contenttype", "pk": 50, "fields": {"app_label": "contact_form", "model": "potential"}}, {"model": "sessions.session", "pk": "5t3vmq1xrotcff2qk9l5zes7jl11npt8", "fields": {"session_data": "MTJmMjdkOWJlNDQxMTY2NmQwNjAyNTVmYWFlMjcxMTliNzg1YTIzNDp7ImNtc19lZGl0IjpmYWxzZSwiY21zX3Rvb2xiYXJfZGlzYWJsZWQiOnRydWUsImNtc19wcmV2aWV3IjpmYWxzZX0=", "expire_date": "2018-08-21T09:35:20.985Z"}}, {"model": "sessions.session", "pk": "gywvl8c0pb11ej6aytu591ob4lavo0r9", "fields": {"session_data": "OGE1Y2YzNWQ2NTk4ZDJlMTNhMGM2YzNjODZjMDY0YTM4NmYxNjc3ODp7ImNtc190b29sYmFyX2Rpc2FibGVkIjp0cnVlLCJjbXNfZWRpdCI6ZmFsc2UsIndpemFyZF93aXphcmRfY3JlYXRlX3ZpZXciOnsic3RlcCI6bnVsbCwiZXh0cmFfZGF0YSI6e30sInN0ZXBfZmlsZXMiOnt9LCJzdGVwX2RhdGEiOnt9fSwiX2F1dGhfdXNlcl9pZCI6IjEiLCJfYXV0aF91c2VyX2hhc2giOiIxODUyYjBhZGI1MTc5ZmY0NjIzNTlkNTMzYWM5ZTM0YTU3NGU0MDlkIiwiY21zX3ByZXZpZXciOmZhbHNlLCJfYXV0aF91c2VyX2JhY2tlbmQiOiJkamFuZ28uY29udHJpYi5hdXRoLmJhY2tlbmRzLk1vZGVsQmFja2VuZCJ9", "expire_date": "2018-08-10T10:03:20.823Z"}}, {"model": "sessions.session", "pk": "r3wsm0n37ba6iptlwfy0tx32re5lkrrm", "fields": {"session_data": "MGMzZTE0OTVmNDJmNTc3NzQzZjcyZWIwOWEyYTA0NjAyZTJhNmQ0Zjp7ImNtc19lZGl0Ijp0cnVlLCJfYXV0aF91c2VyX2lkIjoiMSIsImNtc19wcmV2aWV3IjpmYWxzZSwiX2F1dGhfdXNlcl9oYXNoIjoiMTg1MmIwYWRiNTE3OWZmNDYyMzU5ZDUzM2FjOWUzNGE1NzRlNDA5ZCIsImNtc190b29sYmFyX2Rpc2FibGVkIjpmYWxzZSwiX2F1dGhfdXNlcl9iYWNrZW5kIjoiZGphbmdvLmNvbnRyaWIuYXV0aC5iYWNrZW5kcy5Nb2RlbEJhY2tlbmQifQ==", "expire_date": "2018-08-21T07:37:56.927Z"}}, {"model": "sessions.session", "pk": "uzwl83j0cihbfg0o7b7wjy1a3sqlcxla", "fields": {"session_data": "YzY3MmYzNDU0YTcyN2JmMTgyNmU1MzQxMDEyODIzZmYwNDBhNDYyZTp7ImNtc19lZGl0IjpmYWxzZSwiX2F1dGhfdXNlcl9iYWNrZW5kIjoiZGphbmdvLmNvbnRyaWIuYXV0aC5iYWNrZW5kcy5Nb2RlbEJhY2tlbmQiLCJfYXV0aF91c2VyX2lkIjoiMSIsImNtc19sb2dfbGF0ZXN0Ijo0NCwiY21zX3Rvb2xiYXJfZGlzYWJsZWQiOnRydWUsImNtc19wcmV2aWV3IjpmYWxzZSwiX2F1dGhfdXNlcl9oYXNoIjoiMTg1MmIwYWRiNTE3OWZmNDYyMzU5ZDUzM2FjOWUzNGE1NzRlNDA5ZCJ9", "expire_date": "2018-09-13T08:47:37.755Z"}}, {"model": "sessions.session", "pk": "xdqx7w0d7o6hjgsi9g0hrup4h1qzv2vk", "fields": {"session_data": "Zjc0ZWI3YTQ3MjRhMWYzMzY3NDRmZTU1NTc0MTlkNDE0ZTRkMjVhMDp7ImNtc19lZGl0IjpmYWxzZSwiX2F1dGhfdXNlcl9iYWNrZW5kIjoiZGphbmdvLmNvbnRyaWIuYXV0aC5iYWNrZW5kcy5Nb2RlbEJhY2tlbmQiLCJfYXV0aF91c2VyX2hhc2giOiIxODUyYjBhZGI1MTc5ZmY0NjIzNTlkNTMzYWM5ZTM0YTU3NGU0MDlkIiwiX2F1dGhfdXNlcl9pZCI6IjEiLCJjbXNfcHJldmlldyI6ZmFsc2UsImNtc19sb2dfbGF0ZXN0Ijo0MywiY21zX3Rvb2xiYXJfZGlzYWJsZWQiOnRydWV9", "expire_date": "2018-09-07T13:40:16.685Z"}}, {"model": "sites.site", "pk": 1, "fields": {"domain": "example.com", "name": "example.com"}}, {"model": "cms.page", "pk": 1, "fields": {"created_by": "soohtingcoding", "changed_by": "soohtingcoding", "creation_date": "2018-07-05T09:17:22.373Z", "changed_date": "2018-07-05T09:17:25.911Z", "publication_date": "2018-07-05T09:17:22.394Z", "publication_end_date": null, "in_navigation": true, "soft_root": false, "reverse_id": null, "navigation_extenders": null, "template": "frontpage.html", "login_required": false, "limit_visibility_in_menu": null, "is_home": true, "application_urls": null, "application_namespace": null, "publisher_is_draft": true, "publisher_public": 2, "languages": "fr", "xframe_options": 0, "is_page_type": false, "node": 1, "placeholders": [2]}}, {"model": "cms.page", "pk": 2, "fields": {"created_by": "soohtingcoding", "changed_by": "soohtingcoding", "creation_date": "2018-07-05T09:17:22.394Z", "changed_date": "2018-07-05T09:17:31.071Z", "publication_date": "2018-07-05T09:17:22.394Z", "publication_end_date": null, "in_navigation": true, "soft_root": false, "reverse_id": null, "navigation_extenders": null, "template": "frontpage.html", "login_required": false, "limit_visibility_in_menu": null, "is_home": true, "application_urls": null, "application_namespace": null, "publisher_is_draft": false, "publisher_public": 1, "languages": "fr", "xframe_options": 0, "is_page_type": false, "node": 1, "placeholders": [3]}}, {"model": "cms.page", "pk": 9, "fields": {"created_by": "soohtingcoding", "changed_by": "soohtingcoding", "creation_date": "2018-07-10T09:57:30.991Z", "changed_date": "2018-08-30T08:47:44.547Z", "publication_date": "2018-07-10T15:57:32.907Z", "publication_end_date": null, "in_navigation": true, "soft_root": false, "reverse_id": null, "navigation_extenders": null, "template": "sidebar_right.html", "login_required": false, "limit_visibility_in_menu": null, "is_home": false, "application_urls": "", "application_namespace": null, "publisher_is_draft": true, "publisher_public": 10, "languages": "fr", "xframe_options": 0, "is_page_type": false, "node": 5, "placeholders": [12, 13]}}, {"model": "cms.page", "pk": 10, "fields": {"created_by": "soohtingcoding", "changed_by": "soohtingcoding", "creation_date": "2018-07-10T15:57:32.907Z", "changed_date": "2018-08-30T08:47:37.622Z", "publication_date": "2018-07-10T15:57:32.907Z", "publication_end_date": null, "in_navigation": false, "soft_root": false, "reverse_id": null, "navigation_extenders": null, "template": "sidebar_right.html", "login_required": false, "limit_visibility_in_menu": null, "is_home": false, "application_urls": "", "application_namespace": null, "publisher_is_draft": false, "publisher_public": 9, "languages": "fr", "xframe_options": 0, "is_page_type": false, "node": 5, "placeholders": [14, 15]}}, {"model": "cms.page", "pk": 13, "fields": {"created_by": "soohtingcoding", "changed_by": "soohtingcoding", "creation_date": "2018-07-27T09:59:03.878Z", "changed_date": "2018-07-27T10:01:06.714Z", "publication_date": "2018-07-27T09:59:08.808Z", "publication_end_date": null, "in_navigation": true, "soft_root": false, "reverse_id": null, "navigation_extenders": null, "template": "methodology.html", "login_required": false, "limit_visibility_in_menu": null, "is_home": false, "application_urls": "", "application_namespace": null, "publisher_is_draft": true, "publisher_public": 14, "languages": "fr", "xframe_options": 0, "is_page_type": false, "node": 7, "placeholders": [18]}}, {"model": "cms.page", "pk": 14, "fields": {"created_by": "soohtingcoding", "changed_by": "soohtingcoding", "creation_date": "2018-07-27T09:59:08.810Z", "changed_date": "2018-08-07T07:37:50.964Z", "publication_date": "2018-07-27T09:59:08.808Z", "publication_end_date": null, "in_navigation": true, "soft_root": false, "reverse_id": null, "navigation_extenders": null, "template": "methodology.html", "login_required": false, "limit_visibility_in_menu": null, "is_home": false, "application_urls": "", "application_namespace": null, "publisher_is_draft": false, "publisher_public": 13, "languages": "fr", "xframe_options": 0, "is_page_type": false, "node": 7, "placeholders": [19]}}, {"model": "cms.page", "pk": 15, "fields": {"created_by": "soohtingcoding", "changed_by": "soohtingcoding", "creation_date": "2018-08-24T13:38:34.892Z", "changed_date": "2018-08-24T13:39:14.748Z", "publication_date": "2018-08-24T13:40:16.653Z", "publication_end_date": null, "in_navigation": false, "soft_root": false, "reverse_id": null, "navigation_extenders": null, "template": "INHERIT", "login_required": false, "limit_visibility_in_menu": null, "is_home": false, "application_urls": "MyApphook", "application_namespace": "contact_form", "publisher_is_draft": true, "publisher_public": 16, "languages": "fr", "xframe_options": 0, "is_page_type": false, "node": 8, "placeholders": [20]}}, {"model": "cms.page", "pk": 16, "fields": {"created_by": "soohtingcoding", "changed_by": "soohtingcoding", "creation_date": "2018-08-24T13:40:16.653Z", "changed_date": "2018-08-24T13:40:16.653Z", "publication_date": "2018-08-24T13:40:16.653Z", "publication_end_date": null, "in_navigation": false, "soft_root": false, "reverse_id": null, "navigation_extenders": null, "template": "INHERIT", "login_required": false, "limit_visibility_in_menu": null, "is_home": false, "application_urls": "MyApphook", "application_namespace": "contact_form", "publisher_is_draft": false, "publisher_public": 15, "languages": "fr", "xframe_options": 0, "is_page_type": false, "node": 8, "placeholders": [21]}}, {"model": "cms.treenode", "pk": 1, "fields": {"path": "0001", "depth": 1, "numchild": 0, "parent": null, "site": 1}}, {"model": "cms.treenode", "pk": 5, "fields": {"path": "0004", "depth": 1, "numchild": 0, "parent": null, "site": 1}}, {"model": "cms.treenode", "pk": 7, "fields": {"path": "0006", "depth": 1, "numchild": 0, "parent": null, "site": 1}}, {"model": "cms.treenode", "pk": 8, "fields": {"path": "0007", "depth": 1, "numchild": 0, "parent": null, "site": 1}}, {"model": "cms.placeholder", "pk": 1, "fields": {"slot": "clipboard", "default_width": null}}, {"model": "cms.placeholder", "pk": 2, "fields": {"slot": "content", "default_width": null}}, {"model": "cms.placeholder", "pk": 3, "fields": {"slot": "content", "default_width": null}}, {"model": "cms.placeholder", "pk": 12, "fields": {"slot": "content", "default_width": null}}, {"model": "cms.placeholder", "pk": 13, "fields": {"slot": "sidebar", "default_width": null}}, {"model": "cms.placeholder", "pk": 14, "fields": {"slot": "content", "default_width": null}}, {"model": "cms.placeholder", "pk": 15, "fields": {"slot": "sidebar", "default_width": null}}, {"model": "cms.placeholder", "pk": 18, "fields": {"slot": "content", "default_width": null}}, {"model": "cms.placeholder", "pk": 19, "fields": {"slot": "content", "default_width": null}}, {"model": "cms.placeholder", "pk": 20, "fields": {"slot": "content", "default_width": null}}, {"model": "cms.placeholder", "pk": 21, "fields": {"slot": "content", "default_width": null}}, {"model": "cms.cmsplugin", "pk": 2, "fields": {"path": "0001", "depth": 1, "numchild": 0, "placeholder": 12, "parent": null, "position": 0, "language": "fr", "plugin_type": "ContactFormPlugin", "creation_date": "2018-07-10T13:03:36.960Z", "changed_date": "2018-07-10T13:03:36.968Z"}}, {"model": "cms.cmsplugin", "pk": 7, "fields": {"path": "0002", "depth": 1, "numchild": 0, "placeholder": 14, "parent": null, "position": 0, "language": "fr", "plugin_type": "ContactFormPlugin", "creation_date": "2018-08-30T08:47:37.725Z", "changed_date": "2018-08-30T08:47:37.731Z"}}, {"model": "cms.title", "pk": 1, "fields": {"language": "fr", "title": "Home", "page_title": null, "menu_title": null, "meta_description": null, "slug": "home", "path": "", "has_url_overwrite": false, "redirect": null, "page": 1, "creation_date": "2018-07-05T09:17:22.375Z", "published": true, "publisher_is_draft": true, "publisher_public": 2, "publisher_state": 0}}, {"model": "cms.title", "pk": 2, "fields": {"language": "fr", "title": "Home", "page_title": null, "menu_title": null, "meta_description": null, "slug": "home", "path": "", "has_url_overwrite": false, "redirect": null, "page": 2, "creation_date": "2018-07-05T09:17:22.375Z", "published": true, "publisher_is_draft": false, "publisher_public": 1, "publisher_state": 0}}, {"model": "cms.title", "pk": 9, "fields": {"language": "fr", "title": "Contact", "page_title": "Contact", "menu_title": "Contact", "meta_description": "", "slug": "contact", "path": "contact", "has_url_overwrite": false, "redirect": null, "page": 9, "creation_date": "2018-07-10T09:57:30.993Z", "published": true, "publisher_is_draft": true, "publisher_public": 10, "publisher_state": 1}}, {"model": "cms.title", "pk": 10, "fields": {"language": "fr", "title": "Contact", "page_title": "Contact", "menu_title": "Contact", "meta_description": "", "slug": "contact", "path": "contact", "has_url_overwrite": false, "redirect": null, "page": 10, "creation_date": "2018-07-10T09:57:30.993Z", "published": true, "publisher_is_draft": false, "publisher_public": 9, "publisher_state": 1}}, {"model": "cms.title", "pk": 13, "fields": {"language": "fr", "title": "Methodology", "page_title": "", "menu_title": "", "meta_description": "", "slug": "methodology", "path": "methodology", "has_url_overwrite": false, "redirect": null, "page": 13, "creation_date": "2018-07-27T09:59:03.883Z", "published": true, "publisher_is_draft": true, "publisher_public": 14, "publisher_state": 0}}, {"model": "cms.title", "pk": 14, "fields": {"language": "fr", "title": "Methodology", "page_title": "", "menu_title": "", "meta_description": "", "slug": "methodology", "path": "methodology", "has_url_overwrite": false, "redirect": null, "page": 14, "creation_date": "2018-07-27T09:59:03.883Z", "published": true, "publisher_is_draft": false, "publisher_public": 13, "publisher_state": 0}}, {"model": "cms.title", "pk": 15, "fields": {"language": "fr", "title": "test", "page_title": "", "menu_title": "bonjour", "meta_description": "", "slug": "test", "path": "test", "has_url_overwrite": false, "redirect": null, "page": 15, "creation_date": "2018-08-24T13:38:34.896Z", "published": true, "publisher_is_draft": true, "publisher_public": 16, "publisher_state": 0}}, {"model": "cms.title", "pk": 16, "fields": {"language": "fr", "title": "test", "page_title": "", "menu_title": "bonjour", "meta_description": "", "slug": "test", "path": "test", "has_url_overwrite": false, "redirect": null, "page": 16, "creation_date": "2018-08-24T13:38:34.896Z", "published": true, "publisher_is_draft": false, "publisher_public": 15, "publisher_state": 0}}, {"model": "cms.urlconfrevision", "pk": 1, "fields": {"revision": "b4afe461-f376-460c-ad7d-7b5f5e98a4e0"}}, {"model": "menus.cachekey", "pk": 25, "fields": {"language": "fr", "site": 1, "key": "cms_3.5.2_menu_nodes_fr_1_1_user:draft"}}, {"model": "contact_form.potential", "pk": 8, "fields": {"project_type": "SC", "project_desc": "Une desc", "contact_email": "Tea@ef.fd", "contact_name": "Un nom", "contact_company": "dfdfsfdf", "contact_desc": "Le test ultie"}}, {"model": "contact_form.potential", "pk": 9, "fields": {"project_type": "SC", "project_desc": "Une description du projet", "contact_email": "contact@hotmail.fr", "contact_name": "un contact", "contact_company": "ee", "contact_desc": "Bonjour"}}, {"model": "contact_form.potential", "pk": 10, "fields": {"project_type": "SC", "project_desc": "Test", "contact_email": "uncontact@email.com", "contact_name": "Test", "contact_company": "ee", "contact_desc": "dfdfd"}}, {"model": "contact_form.potential", "pk": 11, "fields": {"project_type": "MO", "project_desc": "ddddss", "contact_email": "ss@test.com", "contact_name": "sss", "contact_company": "ss", "contact_desc": "ss"}}, {"model": "contact_form.potential", "pk": 12, "fields": {"project_type": "MO", "project_desc": "JHKJHE", "contact_email": "rlimonshop@gmail.com", "contact_name": "R'limon", "contact_company": "Test", "contact_desc": "TESTS"}}, {"model": "contact_form.potential", "pk": 13, "fields": {"project_type": "SEI", "project_desc": "lkejfskjfd", "contact_email": "rlimonshop@gmail.com", "contact_name": "Rocher", "contact_company": "JLK", "contact_desc": "ddd"}}, {"model": "contact_form.potential", "pk": 14, "fields": {"project_type": "SP", "project_desc": "Je", "contact_email": "laetitia.albert1995@gmail.com", "contact_name": "dd", "contact_company": "Sarl Bordeaux F\u00eate", "contact_desc": "ddd"}}, {"model": "contact_form.potential", "pk": 15, "fields": {"project_type": "U", "project_desc": "Je", "contact_email": "laetitia.albert1995@gmail.com", "contact_name": "dd", "contact_company": "Sarl Bordeaux F\u00eate", "contact_desc": "ddd"}}, {"model": "contact_form.potential", "pk": 16, "fields": {"project_type": "SP", "project_desc": "h", "contact_email": "k@d.com", "contact_name": "l", "contact_company": "dd", "contact_desc": "ddd"}}, {"model": "auth.permission", "pk": 1, "fields": {"name": "Can use Structure mode", "content_type": 1, "codename": "use_structure"}}, {"model": "auth.permission", "pk": 2, "fields": {"name": "Can change page", "content_type": 2, "codename": "change_page"}}, {"model": "auth.permission", "pk": 3, "fields": {"name": "Can add permission", "content_type": 3, "codename": "add_permission"}}, {"model": "auth.permission", "pk": 4, "fields": {"name": "Can change permission", "content_type": 3, "codename": "change_permission"}}, {"model": "auth.permission", "pk": 5, "fields": {"name": "Can delete permission", "content_type": 3, "codename": "delete_permission"}}, {"model": "auth.permission", "pk": 6, "fields": {"name": "Can add user", "content_type": 4, "codename": "add_user"}}, {"model": "auth.permission", "pk": 7, "fields": {"name": "Can change user", "content_type": 4, "codename": "change_user"}}, {"model": "auth.permission", "pk": 8, "fields": {"name": "Can delete user", "content_type": 4, "codename": "delete_user"}}, {"model": "auth.permission", "pk": 9, "fields": {"name": "Can add group", "content_type": 5, "codename": "add_group"}}, {"model": "auth.permission", "pk": 10, "fields": {"name": "Can change group", "content_type": 5, "codename": "change_group"}}, {"model": "auth.permission", "pk": 11, "fields": {"name": "Can delete group", "content_type": 5, "codename": "delete_group"}}, {"model": "auth.permission", "pk": 12, "fields": {"name": "Can add content type", "content_type": 6, "codename": "add_contenttype"}}, {"model": "auth.permission", "pk": 13, "fields": {"name": "Can change content type", "content_type": 6, "codename": "change_contenttype"}}, {"model": "auth.permission", "pk": 14, "fields": {"name": "Can delete content type", "content_type": 6, "codename": "delete_contenttype"}}, {"model": "auth.permission", "pk": 15, "fields": {"name": "Can add session", "content_type": 7, "codename": "add_session"}}, {"model": "auth.permission", "pk": 16, "fields": {"name": "Can change session", "content_type": 7, "codename": "change_session"}}, {"model": "auth.permission", "pk": 17, "fields": {"name": "Can delete session", "content_type": 7, "codename": "delete_session"}}, {"model": "auth.permission", "pk": 18, "fields": {"name": "Can add log entry", "content_type": 8, "codename": "add_logentry"}}, {"model": "auth.permission", "pk": 19, "fields": {"name": "Can change log entry", "content_type": 8, "codename": "change_logentry"}}, {"model": "auth.permission", "pk": 20, "fields": {"name": "Can delete log entry", "content_type": 8, "codename": "delete_logentry"}}, {"model": "auth.permission", "pk": 21, "fields": {"name": "Can add site", "content_type": 9, "codename": "add_site"}}, {"model": "auth.permission", "pk": 22, "fields": {"name": "Can change site", "content_type": 9, "codename": "change_site"}}, {"model": "auth.permission", "pk": 23, "fields": {"name": "Can delete site", "content_type": 9, "codename": "delete_site"}}, {"model": "auth.permission", "pk": 24, "fields": {"name": "Can add cms plugin", "content_type": 10, "codename": "add_cmsplugin"}}, {"model": "auth.permission", "pk": 25, "fields": {"name": "Can change cms plugin", "content_type": 10, "codename": "change_cmsplugin"}}, {"model": "auth.permission", "pk": 26, "fields": {"name": "Can delete cms plugin", "content_type": 10, "codename": "delete_cmsplugin"}}, {"model": "auth.permission", "pk": 27, "fields": {"name": "Can add urlconf revision", "content_type": 11, "codename": "add_urlconfrevision"}}, {"model": "auth.permission", "pk": 28, "fields": {"name": "Can change urlconf revision", "content_type": 11, "codename": "change_urlconfrevision"}}, {"model": "auth.permission", "pk": 29, "fields": {"name": "Can delete urlconf revision", "content_type": 11, "codename": "delete_urlconfrevision"}}, {"model": "auth.permission", "pk": 30, "fields": {"name": "Can add static placeholder", "content_type": 12, "codename": "add_staticplaceholder"}}, {"model": "auth.permission", "pk": 31, "fields": {"name": "Can change static placeholder", "content_type": 12, "codename": "change_staticplaceholder"}}, {"model": "auth.permission", "pk": 32, "fields": {"name": "Can delete static placeholder", "content_type": 12, "codename": "delete_staticplaceholder"}}, {"model": "auth.permission", "pk": 33, "fields": {"name": "Can add title", "content_type": 13, "codename": "add_title"}}, {"model": "auth.permission", "pk": 34, "fields": {"name": "Can change title", "content_type": 13, "codename": "change_title"}}, {"model": "auth.permission", "pk": 35, "fields": {"name": "Can delete title", "content_type": 13, "codename": "delete_title"}}, {"model": "auth.permission", "pk": 36, "fields": {"name": "Can add placeholder reference", "content_type": 14, "codename": "add_placeholderreference"}}, {"model": "auth.permission", "pk": 37, "fields": {"name": "Can change placeholder reference", "content_type": 14, "codename": "change_placeholderreference"}}, {"model": "auth.permission", "pk": 38, "fields": {"name": "Can delete placeholder reference", "content_type": 14, "codename": "delete_placeholderreference"}}, {"model": "auth.permission", "pk": 39, "fields": {"name": "Can add Page permission", "content_type": 15, "codename": "add_pagepermission"}}, {"model": "auth.permission", "pk": 40, "fields": {"name": "Can change Page permission", "content_type": 15, "codename": "change_pagepermission"}}, {"model": "auth.permission", "pk": 41, "fields": {"name": "Can delete Page permission", "content_type": 15, "codename": "delete_pagepermission"}}, {"model": "auth.permission", "pk": 42, "fields": {"name": "Can add alias plugin model", "content_type": 16, "codename": "add_aliaspluginmodel"}}, {"model": "auth.permission", "pk": 43, "fields": {"name": "Can change alias plugin model", "content_type": 16, "codename": "change_aliaspluginmodel"}}, {"model": "auth.permission", "pk": 44, "fields": {"name": "Can delete alias plugin model", "content_type": 16, "codename": "delete_aliaspluginmodel"}}, {"model": "auth.permission", "pk": 45, "fields": {"name": "Can add user setting", "content_type": 17, "codename": "add_usersettings"}}, {"model": "auth.permission", "pk": 46, "fields": {"name": "Can change user setting", "content_type": 17, "codename": "change_usersettings"}}, {"model": "auth.permission", "pk": 47, "fields": {"name": "Can delete user setting", "content_type": 17, "codename": "delete_usersettings"}}, {"model": "auth.permission", "pk": 48, "fields": {"name": "Can add placeholder", "content_type": 1, "codename": "add_placeholder"}}, {"model": "auth.permission", "pk": 49, "fields": {"name": "Can change placeholder", "content_type": 1, "codename": "change_placeholder"}}, {"model": "auth.permission", "pk": 50, "fields": {"name": "Can delete placeholder", "content_type": 1, "codename": "delete_placeholder"}}, {"model": "auth.permission", "pk": 51, "fields": {"name": "Can add page", "content_type": 2, "codename": "add_page"}}, {"model": "auth.permission", "pk": 52, "fields": {"name": "Can delete page", "content_type": 2, "codename": "delete_page"}}, {"model": "auth.permission", "pk": 53, "fields": {"name": "Can view page", "content_type": 2, "codename": "view_page"}}, {"model": "auth.permission", "pk": 54, "fields": {"name": "Can publish page", "content_type": 2, "codename": "publish_page"}}, {"model": "auth.permission", "pk": 55, "fields": {"name": "Can edit static placeholders", "content_type": 2, "codename": "edit_static_placeholder"}}, {"model": "auth.permission", "pk": 56, "fields": {"name": "Can add Page global permission", "content_type": 19, "codename": "add_globalpagepermission"}}, {"model": "auth.permission", "pk": 57, "fields": {"name": "Can change Page global permission", "content_type": 19, "codename": "change_globalpagepermission"}}, {"model": "auth.permission", "pk": 58, "fields": {"name": "Can delete Page global permission", "content_type": 19, "codename": "delete_globalpagepermission"}}, {"model": "auth.permission", "pk": 59, "fields": {"name": "Can add User (page)", "content_type": 20, "codename": "add_pageuser"}}, {"model": "auth.permission", "pk": 60, "fields": {"name": "Can change User (page)", "content_type": 20, "codename": "change_pageuser"}}, {"model": "auth.permission", "pk": 61, "fields": {"name": "Can delete User (page)", "content_type": 20, "codename": "delete_pageuser"}}, {"model": "auth.permission", "pk": 62, "fields": {"name": "Can add User group (page)", "content_type": 21, "codename": "add_pageusergroup"}}, {"model": "auth.permission", "pk": 63, "fields": {"name": "Can change User group (page)", "content_type": 21, "codename": "change_pageusergroup"}}, {"model": "auth.permission", "pk": 64, "fields": {"name": "Can delete User group (page)", "content_type": 21, "codename": "delete_pageusergroup"}}, {"model": "auth.permission", "pk": 65, "fields": {"name": "Can add cache key", "content_type": 23, "codename": "add_cachekey"}}, {"model": "auth.permission", "pk": 66, "fields": {"name": "Can change cache key", "content_type": 23, "codename": "change_cachekey"}}, {"model": "auth.permission", "pk": 67, "fields": {"name": "Can delete cache key", "content_type": 23, "codename": "delete_cachekey"}}, {"model": "auth.permission", "pk": 68, "fields": {"name": "Can add text", "content_type": 24, "codename": "add_text"}}, {"model": "auth.permission", "pk": 69, "fields": {"name": "Can change text", "content_type": 24, "codename": "change_text"}}, {"model": "auth.permission", "pk": 70, "fields": {"name": "Can delete text", "content_type": 24, "codename": "delete_text"}}, {"model": "auth.permission", "pk": 71, "fields": {"name": "Can add file", "content_type": 25, "codename": "add_file"}}, {"model": "auth.permission", "pk": 72, "fields": {"name": "Can change file", "content_type": 25, "codename": "change_file"}}, {"model": "auth.permission", "pk": 73, "fields": {"name": "Can delete file", "content_type": 25, "codename": "delete_file"}}, {"model": "auth.permission", "pk": 74, "fields": {"name": "Can add clipboard item", "content_type": 26, "codename": "add_clipboarditem"}}, {"model": "auth.permission", "pk": 75, "fields": {"name": "Can change clipboard item", "content_type": 26, "codename": "change_clipboarditem"}}, {"model": "auth.permission", "pk": 76, "fields": {"name": "Can delete clipboard item", "content_type": 26, "codename": "delete_clipboarditem"}}, {"model": "auth.permission", "pk": 77, "fields": {"name": "Can add folder permission", "content_type": 27, "codename": "add_folderpermission"}}, {"model": "auth.permission", "pk": 78, "fields": {"name": "Can change folder permission", "content_type": 27, "codename": "change_folderpermission"}}, {"model": "auth.permission", "pk": 79, "fields": {"name": "Can delete folder permission", "content_type": 27, "codename": "delete_folderpermission"}}, {"model": "auth.permission", "pk": 80, "fields": {"name": "Can add clipboard", "content_type": 28, "codename": "add_clipboard"}}, {"model": "auth.permission", "pk": 81, "fields": {"name": "Can change clipboard", "content_type": 28, "codename": "change_clipboard"}}, {"model": "auth.permission", "pk": 82, "fields": {"name": "Can delete clipboard", "content_type": 28, "codename": "delete_clipboard"}}, {"model": "auth.permission", "pk": 83, "fields": {"name": "Can add image", "content_type": 29, "codename": "add_image"}}, {"model": "auth.permission", "pk": 84, "fields": {"name": "Can change image", "content_type": 29, "codename": "change_image"}}, {"model": "auth.permission", "pk": 85, "fields": {"name": "Can delete image", "content_type": 29, "codename": "delete_image"}}, {"model": "auth.permission", "pk": 86, "fields": {"name": "Can add Folder", "content_type": 30, "codename": "add_folder"}}, {"model": "auth.permission", "pk": 87, "fields": {"name": "Can change Folder", "content_type": 30, "codename": "change_folder"}}, {"model": "auth.permission", "pk": 88, "fields": {"name": "Can delete Folder", "content_type": 30, "codename": "delete_folder"}}, {"model": "auth.permission", "pk": 89, "fields": {"name": "Can use directory listing", "content_type": 30, "codename": "can_use_directory_listing"}}, {"model": "auth.permission", "pk": 90, "fields": {"name": "Can add thumbnail option", "content_type": 31, "codename": "add_thumbnailoption"}}, {"model": "auth.permission", "pk": 91, "fields": {"name": "Can change thumbnail option", "content_type": 31, "codename": "change_thumbnailoption"}}, {"model": "auth.permission", "pk": 92, "fields": {"name": "Can delete thumbnail option", "content_type": 31, "codename": "delete_thumbnailoption"}}, {"model": "auth.permission", "pk": 93, "fields": {"name": "Can add thumbnail dimensions", "content_type": 32, "codename": "add_thumbnaildimensions"}}, {"model": "auth.permission", "pk": 94, "fields": {"name": "Can change thumbnail dimensions", "content_type": 32, "codename": "change_thumbnaildimensions"}}, {"model": "auth.permission", "pk": 95, "fields": {"name": "Can delete thumbnail dimensions", "content_type": 32, "codename": "delete_thumbnaildimensions"}}, {"model": "auth.permission", "pk": 96, "fields": {"name": "Can add source", "content_type": 33, "codename": "add_source"}}, {"model": "auth.permission", "pk": 97, "fields": {"name": "Can change source", "content_type": 33, "codename": "change_source"}}, {"model": "auth.permission", "pk": 98, "fields": {"name": "Can delete source", "content_type": 33, "codename": "delete_source"}}, {"model": "auth.permission", "pk": 99, "fields": {"name": "Can add thumbnail", "content_type": 34, "codename": "add_thumbnail"}}, {"model": "auth.permission", "pk": 100, "fields": {"name": "Can change thumbnail", "content_type": 34, "codename": "change_thumbnail"}}, {"model": "auth.permission", "pk": 101, "fields": {"name": "Can delete thumbnail", "content_type": 34, "codename": "delete_thumbnail"}}, {"model": "auth.permission", "pk": 102, "fields": {"name": "Can add multi columns", "content_type": 35, "codename": "add_multicolumns"}}, {"model": "auth.permission", "pk": 103, "fields": {"name": "Can change multi columns", "content_type": 35, "codename": "change_multicolumns"}}, {"model": "auth.permission", "pk": 104, "fields": {"name": "Can delete multi columns", "content_type": 35, "codename": "delete_multicolumns"}}, {"model": "auth.permission", "pk": 105, "fields": {"name": "Can add column", "content_type": 36, "codename": "add_column"}}, {"model": "auth.permission", "pk": 106, "fields": {"name": "Can change column", "content_type": 36, "codename": "change_column"}}, {"model": "auth.permission", "pk": 107, "fields": {"name": "Can delete column", "content_type": 36, "codename": "delete_column"}}, {"model": "auth.permission", "pk": 108, "fields": {"name": "Can add folder", "content_type": 37, "codename": "add_folder"}}, {"model": "auth.permission", "pk": 109, "fields": {"name": "Can change folder", "content_type": 37, "codename": "change_folder"}}, {"model": "auth.permission", "pk": 110, "fields": {"name": "Can delete folder", "content_type": 37, "codename": "delete_folder"}}, {"model": "auth.permission", "pk": 111, "fields": {"name": "Can add file", "content_type": 38, "codename": "add_file"}}, {"model": "auth.permission", "pk": 112, "fields": {"name": "Can change file", "content_type": 38, "codename": "change_file"}}, {"model": "auth.permission", "pk": 113, "fields": {"name": "Can delete file", "content_type": 38, "codename": "delete_file"}}, {"model": "auth.permission", "pk": 114, "fields": {"name": "Can add link", "content_type": 39, "codename": "add_link"}}, {"model": "auth.permission", "pk": 115, "fields": {"name": "Can change link", "content_type": 39, "codename": "change_link"}}, {"model": "auth.permission", "pk": 116, "fields": {"name": "Can delete link", "content_type": 39, "codename": "delete_link"}}, {"model": "auth.permission", "pk": 117, "fields": {"name": "Can add picture", "content_type": 40, "codename": "add_picture"}}, {"model": "auth.permission", "pk": 118, "fields": {"name": "Can change picture", "content_type": 40, "codename": "change_picture"}}, {"model": "auth.permission", "pk": 119, "fields": {"name": "Can delete picture", "content_type": 40, "codename": "delete_picture"}}, {"model": "auth.permission", "pk": 120, "fields": {"name": "Can add style", "content_type": 41, "codename": "add_style"}}, {"model": "auth.permission", "pk": 121, "fields": {"name": "Can change style", "content_type": 41, "codename": "change_style"}}, {"model": "auth.permission", "pk": 122, "fields": {"name": "Can delete style", "content_type": 41, "codename": "delete_style"}}, {"model": "auth.permission", "pk": 123, "fields": {"name": "Can add Snippet", "content_type": 42, "codename": "add_snippet"}}, {"model": "auth.permission", "pk": 124, "fields": {"name": "Can change Snippet", "content_type": 42, "codename": "change_snippet"}}, {"model": "auth.permission", "pk": 125, "fields": {"name": "Can delete Snippet", "content_type": 42, "codename": "delete_snippet"}}, {"model": "auth.permission", "pk": 126, "fields": {"name": "Can add Snippet", "content_type": 43, "codename": "add_snippetptr"}}, {"model": "auth.permission", "pk": 127, "fields": {"name": "Can change Snippet", "content_type": 43, "codename": "change_snippetptr"}}, {"model": "auth.permission", "pk": 128, "fields": {"name": "Can delete Snippet", "content_type": 43, "codename": "delete_snippetptr"}}, {"model": "auth.permission", "pk": 129, "fields": {"name": "Can add google map marker", "content_type": 44, "codename": "add_googlemapmarker"}}, {"model": "auth.permission", "pk": 130, "fields": {"name": "Can change google map marker", "content_type": 44, "codename": "change_googlemapmarker"}}, {"model": "auth.permission", "pk": 131, "fields": {"name": "Can delete google map marker", "content_type": 44, "codename": "delete_googlemapmarker"}}, {"model": "auth.permission", "pk": 132, "fields": {"name": "Can add google map", "content_type": 45, "codename": "add_googlemap"}}, {"model": "auth.permission", "pk": 133, "fields": {"name": "Can change google map", "content_type": 45, "codename": "change_googlemap"}}, {"model": "auth.permission", "pk": 134, "fields": {"name": "Can delete google map", "content_type": 45, "codename": "delete_googlemap"}}, {"model": "auth.permission", "pk": 135, "fields": {"name": "Can add google map route", "content_type": 46, "codename": "add_googlemaproute"}}, {"model": "auth.permission", "pk": 136, "fields": {"name": "Can change google map route", "content_type": 46, "codename": "change_googlemaproute"}}, {"model": "auth.permission", "pk": 137, "fields": {"name": "Can delete google map route", "content_type": 46, "codename": "delete_googlemaproute"}}, {"model": "auth.permission", "pk": 138, "fields": {"name": "Can add video source", "content_type": 47, "codename": "add_videosource"}}, {"model": "auth.permission", "pk": 139, "fields": {"name": "Can change video source", "content_type": 47, "codename": "change_videosource"}}, {"model": "auth.permission", "pk": 140, "fields": {"name": "Can delete video source", "content_type": 47, "codename": "delete_videosource"}}, {"model": "auth.permission", "pk": 141, "fields": {"name": "Can add video player", "content_type": 48, "codename": "add_videoplayer"}}, {"model": "auth.permission", "pk": 142, "fields": {"name": "Can change video player", "content_type": 48, "codename": "change_videoplayer"}}, {"model": "auth.permission", "pk": 143, "fields": {"name": "Can delete video player", "content_type": 48, "codename": "delete_videoplayer"}}, {"model": "auth.permission", "pk": 144, "fields": {"name": "Can add video track", "content_type": 49, "codename": "add_videotrack"}}, {"model": "auth.permission", "pk": 145, "fields": {"name": "Can change video track", "content_type": 49, "codename": "change_videotrack"}}, {"model": "auth.permission", "pk": 146, "fields": {"name": "Can delete video track", "content_type": 49, "codename": "delete_videotrack"}}, {"model": "auth.permission", "pk": 147, "fields": {"name": "Can add potential", "content_type": 50, "codename": "add_potential"}}, {"model": "auth.permission", "pk": 148, "fields": {"name": "Can change potential", "content_type": 50, "codename": "change_potential"}}, {"model": "auth.permission", "pk": 149, "fields": {"name": "Can delete potential", "content_type": 50, "codename": "delete_potential"}}, {"model": "auth.user", "pk": 1, "fields": {"password": "pbkdf2_sha256$36000$W0hq98Dy9Agm$QKxQcsrJaqbNzdvpuA3RTXzb/x60WstWVo9Y6jfh224=", "last_login": "2018-08-24T13:27:52.598Z", "is_superuser": true, "username": "soohtingcoding", "first_name": "", "last_name": "", "email": "admin@admin.net", "is_staff": true, "is_active": true, "date_joined": "2018-07-05T09:16:51.999Z", "groups": [], "user_permissions": []}}, {"model": "admin.logentry", "pk": 1, "fields": {"action_time": "2018-07-05T09:17:31.110Z", "user": 1, "content_type": 2, "object_id": "1", "object_repr": "Home", "action_flag": 2, "change_message": ""}}, {"model": "admin.logentry", "pk": 2, "fields": {"action_time": "2018-07-05T09:17:42.107Z", "user": 1, "content_type": 2, "object_id": "3", "object_repr": "Test", "action_flag": 1, "change_message": "[{\"added\": {}}]"}}, {"model": "admin.logentry", "pk": 3, "fields": {"action_time": "2018-07-05T09:17:52.724Z", "user": 1, "content_type": 2, "object_id": "3", "object_repr": "Test", "action_flag": 2, "change_message": "[{\"changed\": {\"fields\": [\"template\", \"xframe_options\"]}}]"}}, {"model": "admin.logentry", "pk": 4, "fields": {"action_time": "2018-07-05T09:17:55.118Z", "user": 1, "content_type": 2, "object_id": "3", "object_repr": "Test", "action_flag": 2, "change_message": ""}}, {"model": "admin.logentry", "pk": 5, "fields": {"action_time": "2018-07-06T10:17:06.298Z", "user": 1, "content_type": 2, "object_id": "5", "object_repr": "Test app hook", "action_flag": 1, "change_message": "[{\"added\": {}}]"}}, {"model": "admin.logentry", "pk": 6, "fields": {"action_time": "2018-07-06T10:17:21.133Z", "user": 1, "content_type": 2, "object_id": "5", "object_repr": "Test app hook", "action_flag": 2, "change_message": "[{\"changed\": {\"fields\": [\"application_urls\", \"xframe_options\"]}}]"}}, {"model": "admin.logentry", "pk": 7, "fields": {"action_time": "2018-07-06T10:17:33.054Z", "user": 1, "content_type": 2, "object_id": "5", "object_repr": "Test app hook", "action_flag": 2, "change_message": ""}}, {"model": "admin.logentry", "pk": 8, "fields": {"action_time": "2018-07-10T08:51:53.606Z", "user": 1, "content_type": 2, "object_id": "5", "object_repr": "Test app hook", "action_flag": 2, "change_message": "La page en fr \u00ab\u00a0Test app hook\u00a0\u00bb a bien \u00e9t\u00e9 d\u00e9publi\u00e9e"}}, {"model": "admin.logentry", "pk": 9, "fields": {"action_time": "2018-07-10T08:51:56.038Z", "user": 1, "content_type": 2, "object_id": "5", "object_repr": "Test app hook", "action_flag": 2, "change_message": ""}}, {"model": "admin.logentry", "pk": 10, "fields": {"action_time": "2018-07-10T08:52:54.924Z", "user": 1, "content_type": 2, "object_id": "5", "object_repr": "Test app hook", "action_flag": 3, "change_message": ""}}, {"model": "admin.logentry", "pk": 11, "fields": {"action_time": "2018-07-10T08:53:05.429Z", "user": 1, "content_type": 2, "object_id": "7", "object_repr": "Contact form", "action_flag": 1, "change_message": "[{\"added\": {}}]"}}, {"model": "admin.logentry", "pk": 12, "fields": {"action_time": "2018-07-10T08:53:29.089Z", "user": 1, "content_type": 2, "object_id": "7", "object_repr": "Contact form", "action_flag": 2, "change_message": "[{\"changed\": {\"fields\": [\"template\", \"application_urls\", \"application_namespace\", \"xframe_options\"]}}]"}}, {"model": "admin.logentry", "pk": 13, "fields": {"action_time": "2018-07-10T08:53:32.945Z", "user": 1, "content_type": 2, "object_id": "7", "object_repr": "Contact form", "action_flag": 2, "change_message": ""}}, {"model": "admin.logentry", "pk": 14, "fields": {"action_time": "2018-07-10T09:57:31.014Z", "user": 1, "content_type": 2, "object_id": "9", "object_repr": "contact-form-plugin", "action_flag": 1, "change_message": "[{\"added\": {}}]"}}, {"model": "admin.logentry", "pk": 15, "fields": {"action_time": "2018-07-10T09:57:39.840Z", "user": 1, "content_type": 2, "object_id": "9", "object_repr": "contact-form-plugin", "action_flag": 2, "change_message": "[{\"changed\": {\"fields\": [\"template\", \"xframe_options\"]}}]"}}, {"model": "admin.logentry", "pk": 16, "fields": {"action_time": "2018-07-10T13:03:26.196Z", "user": 1, "content_type": 10, "object_id": "1", "object_repr": "1", "action_flag": 3, "change_message": ""}}, {"model": "admin.logentry", "pk": 17, "fields": {"action_time": "2018-07-10T14:47:46.483Z", "user": 1, "content_type": 50, "object_id": "7", "object_repr": "Potential object", "action_flag": 3, "change_message": ""}}, {"model": "admin.logentry", "pk": 18, "fields": {"action_time": "2018-07-10T14:47:46.488Z", "user": 1, "content_type": 50, "object_id": "6", "object_repr": "Potential object", "action_flag": 3, "change_message": ""}}, {"model": "admin.logentry", "pk": 19, "fields": {"action_time": "2018-07-10T14:47:46.493Z", "user": 1, "content_type": 50, "object_id": "5", "object_repr": "Potential object", "action_flag": 3, "change_message": ""}}, {"model": "admin.logentry", "pk": 20, "fields": {"action_time": "2018-07-10T14:47:46.497Z", "user": 1, "content_type": 50, "object_id": "4", "object_repr": "Potential object", "action_flag": 3, "change_message": ""}}, {"model": "admin.logentry", "pk": 21, "fields": {"action_time": "2018-07-10T14:47:46.501Z", "user": 1, "content_type": 50, "object_id": "3", "object_repr": "Potential object", "action_flag": 3, "change_message": ""}}, {"model": "admin.logentry", "pk": 22, "fields": {"action_time": "2018-07-10T14:47:46.505Z", "user": 1, "content_type": 50, "object_id": "2", "object_repr": "Potential object", "action_flag": 3, "change_message": ""}}, {"model": "admin.logentry", "pk": 23, "fields": {"action_time": "2018-07-10T14:47:46.508Z", "user": 1, "content_type": 50, "object_id": "1", "object_repr": "Potential object", "action_flag": 3, "change_message": ""}}, {"model": "admin.logentry", "pk": 24, "fields": {"action_time": "2018-07-10T15:57:27.156Z", "user": 1, "content_type": 2, "object_id": "7", "object_repr": "Contact form", "action_flag": 3, "change_message": ""}}, {"model": "admin.logentry", "pk": 25, "fields": {"action_time": "2018-07-10T15:57:32.951Z", "user": 1, "content_type": 2, "object_id": "9", "object_repr": "contact-form-plugin", "action_flag": 2, "change_message": ""}}, {"model": "admin.logentry", "pk": 26, "fields": {"action_time": "2018-07-10T16:22:34.325Z", "user": 1, "content_type": 2, "object_id": "11", "object_repr": "Contact appp", "action_flag": 1, "change_message": "[{\"added\": {}}]"}}, {"model": "admin.logentry", "pk": 27, "fields": {"action_time": "2018-07-10T16:22:39.288Z", "user": 1, "content_type": 2, "object_id": "11", "object_repr": "Contact appp", "action_flag": 2, "change_message": ""}}, {"model": "admin.logentry", "pk": 28, "fields": {"action_time": "2018-07-10T16:23:11.041Z", "user": 1, "content_type": 2, "object_id": "11", "object_repr": "Contact appp", "action_flag": 2, "change_message": "[{\"changed\": {\"fields\": [\"application_urls\", \"application_namespace\", \"xframe_options\"]}}]"}}, {"model": "admin.logentry", "pk": 29, "fields": {"action_time": "2018-07-10T16:23:14.148Z", "user": 1, "content_type": 2, "object_id": "11", "object_repr": "Contact appp", "action_flag": 2, "change_message": ""}}, {"model": "admin.logentry", "pk": 30, "fields": {"action_time": "2018-07-27T09:59:03.928Z", "user": 1, "content_type": 2, "object_id": "13", "object_repr": "Methodology", "action_flag": 1, "change_message": "[{\"added\": {}}]"}}, {"model": "admin.logentry", "pk": 31, "fields": {"action_time": "2018-07-27T09:59:08.884Z", "user": 1, "content_type": 2, "object_id": "13", "object_repr": "Methodology", "action_flag": 2, "change_message": ""}}, {"model": "admin.logentry", "pk": 32, "fields": {"action_time": "2018-07-27T10:01:06.716Z", "user": 1, "content_type": 2, "object_id": "13", "object_repr": "Methodology", "action_flag": 2, "change_message": "[{\"changed\": {\"fields\": [\"template\", \"xframe_options\"]}}]"}}, {"model": "admin.logentry", "pk": 33, "fields": {"action_time": "2018-08-07T07:37:50.995Z", "user": 1, "content_type": 2, "object_id": "13", "object_repr": "Methodology", "action_flag": 2, "change_message": ""}}, {"model": "admin.logentry", "pk": 34, "fields": {"action_time": "2018-08-22T07:36:16.744Z", "user": 1, "content_type": 2, "object_id": "9", "object_repr": "contact-form-plugin", "action_flag": 2, "change_message": "[{\"changed\": {\"fields\": [\"xframe_options\"]}}]"}}, {"model": "admin.logentry", "pk": 35, "fields": {"action_time": "2018-08-22T07:36:23.583Z", "user": 1, "content_type": 2, "object_id": "9", "object_repr": "contact-form-plugin", "action_flag": 2, "change_message": ""}}, {"model": "admin.logentry", "pk": 36, "fields": {"action_time": "2018-08-22T07:36:57.506Z", "user": 1, "content_type": 2, "object_id": "9", "object_repr": "Contact", "action_flag": 2, "change_message": "[{\"changed\": {\"fields\": [\"title\", \"slug\", \"menu_title\", \"page_title\"]}}]"}}, {"model": "admin.logentry", "pk": 37, "fields": {"action_time": "2018-08-22T07:37:01.006Z", "user": 1, "content_type": 2, "object_id": "9", "object_repr": "Contact", "action_flag": 2, "change_message": ""}}, {"model": "admin.logentry", "pk": 38, "fields": {"action_time": "2018-08-24T13:37:34.135Z", "user": 1, "content_type": 2, "object_id": "3", "object_repr": "Test", "action_flag": 3, "change_message": ""}}, {"model": "admin.logentry", "pk": 39, "fields": {"action_time": "2018-08-24T13:37:53.032Z", "user": 1, "content_type": 2, "object_id": "11", "object_repr": "Contact appp", "action_flag": 3, "change_message": ""}}, {"model": "admin.logentry", "pk": 40, "fields": {"action_time": "2018-08-24T13:38:34.921Z", "user": 1, "content_type": 2, "object_id": "15", "object_repr": "bonjour", "action_flag": 1, "change_message": "[{\"added\": {}}]"}}, {"model": "admin.logentry", "pk": 41, "fields": {"action_time": "2018-08-24T13:38:54.020Z", "user": 1, "content_type": 2, "object_id": "15", "object_repr": "bonjour", "action_flag": 2, "change_message": "[{\"changed\": {\"fields\": [\"application_urls\", \"application_namespace\", \"xframe_options\"]}}]"}}, {"model": "admin.logentry", "pk": 42, "fields": {"action_time": "2018-08-24T13:39:01.802Z", "user": 1, "content_type": 2, "object_id": "15", "object_repr": "bonjour", "action_flag": 2, "change_message": "[]"}}, {"model": "admin.logentry", "pk": 43, "fields": {"action_time": "2018-08-24T13:40:16.678Z", "user": 1, "content_type": 2, "object_id": "15", "object_repr": "test", "action_flag": 2, "change_message": ""}}, {"model": "admin.logentry", "pk": 44, "fields": {"action_time": "2018-08-30T08:47:37.743Z", "user": 1, "content_type": 2, "object_id": "9", "object_repr": "Contact", "action_flag": 2, "change_message": ""}}, {"model": "cms.usersettings", "pk": 1, "fields": {"user": 1, "language": "fr", "clipboard": 1}}]